{"episode": 2171, "score": 896.7496836422065, "eps": 0.3487000000000437}